,num_preg_1,glucose_conc_1,diastolic_bp_1,thickness_1,insulin_1,bmi_1,diab_pred_1,age_1,skin_1,num_preg_0,glucose_conc_0,diastolic_bp_0,thickness_0,insulin_0,bmi_0,diab_pred_0,age_0,skin_0
count,268.0,268.0,268.0,268.0,268.0,268.0,268.0,268.0,268.0,500.0,500.0,500.0,500.0,500.0,500.0,500.0,500.0,500.0
mean,4.865671641791045,141.25746268656715,70.82462686567165,22.16417910447761,100.33582089552239,35.14253731343278,0.5505,37.06716417910448,0.8732686567164168,3.298,109.98,68.184,19.664,68.792,30.30419999999996,0.42973400000000017,31.19,0.7747616000000035
std,3.741239044041554,31.939622058007195,21.49181165060413,17.67971140046571,138.6891247315351,7.262967242346376,0.372354483554611,10.968253652367915,0.6965806291783484,3.01718458262189,26.14119975535359,18.063075413305828,14.889947113744254,98.86528929231767,7.689855011650112,0.299085304357411,11.667654791631156,0.5866639162815228
min,0.0,0.0,0.0,0.0,0.0,0.0,0.08800000000000001,21.0,0.0,0.0,0.0,0.0,0.0,0.0,0.0,0.078,21.0,0.0
25%,1.75,119.0,66.0,0.0,0.0,30.8,0.2625,28.0,0.0,1.0,93.0,62.0,0.0,0.0,25.4,0.22975,23.0,0.0
50%,4.0,140.0,74.0,27.0,0.0,34.25,0.449,36.0,1.0638,2.0,107.0,70.0,21.0,39.0,30.05,0.336,27.0,0.8274
75%,8.0,167.0,82.0,36.0,167.25,38.775000000000006,0.728,44.0,1.4184,5.0,125.0,78.0,31.0,105.0,35.3,0.5617500000000001,37.0,1.2214
max,17.0,199.0,114.0,99.0,846.0,67.1,2.42,70.0,3.9006,13.0,197.0,122.0,60.0,744.0,57.3,2.329,81.0,2.364
